{
    "datosGenerales": {
      "asignatura": "Desarrollo Web",
      "ciclo": "VII",
      "codigo": "INF784",
      "creditos": 4
    },
    "informacionCurso": {
      "facultad": "Ingenierías y Arquitectura",
      "semestre": "VII",
      "areaFormacion": "Estudios de Especialidad",
      "tipoCurso": "Obligatorio",
      "carreraProfesional": "Ingeniería de Software",
      "creditos": 4,
      "prerequisito": "Base de Datos II",
      "periodoLectivo": "2025 - I",
      "horasTeoria": 2,
      "horasPractica": 4,
      "codigoCurso": "3.7.4.21",
      "docente": "Richart Smith Escobedo Quispe",
      "correo": "r.escobedo@ulasalle.edu.pe"
    },
    "competenciaCurso": "Al término del presente curso, el estudiante estará en condiciones de: - Utilizar las recomendaciones de la W3C para el desarrollo de aplicaciones web.\n- Conocer un framework MVC para el desarrollo de aplicaciones web. - Conocer los criterios de seguridad OWASP cuando se desarrollan aplicaciones web.",
    "competenciaPerfil": "Desarrollar, mantener y evaluar servicios y sistemas software que satisfagan todos los requisitos del usuario y se comporten de forma fiable y eficiente, sean asequibles de desarrollar y mantener y cumplan normativas de calidad, aplicando las teorías, principios, métodos y prácticas de la informática.",
    "competenciasPrevias": [
      "Conocimientos básicos de matemáticas discretas...",
      "Comprensión de la responsabilidad y ética profesional",
      "Gestionar el desarrollo de sistemas de software",
      "Capacidad de aprender y actualizarse permanentemente"
    ],
    "sumilla": "El curso contempla los siguientes temas: Programación del lado del servidor..."
  }
  